subway_station,address,latitude,longitude
선릉역,서울 강남구 테헤란로 340,37.5044746,127.0489508
한티역,서울 강남구 선릉로 228,37.51369967066034,127.04261751293137
대치역,서울 강남구 남부순환로 2952,37.49277692651002,127.05931297779463
역삼역,서울 강남구 테헤란로 156,37.5008221,127.03696
이대역,서울 마포구 신촌로 180,37.5567733,126.9458346
공덕역,서울 마포구 마포대로 100,37.54612926454843,126.95259261883653
애오개역,서울 마포구 마포대로 210,37.54612926454843,126.95259261883653
대흥역,서울 마포구 대흥로 85,37.544422304117305,126.93879212918785
서대문역,서울 서대문구 통일로 126,37.57796422752824,126.95468510239498
신촌역,서울 서대문구 신촌로 90,37.557766814853856,126.9306204961527
종각역,서울 종로구 종로 55,37.5701745,126.9831831
광화문역,서울 종로구 세종대로 172,37.5716162,126.9769026
종로3가역,서울 종로구 돈화문로11길 26,37.5726904,126.9899836
시청역,서울 중구 세종대로 101,37.5647767,126.9771453
경복궁역,서울 종로구 사직로 130,37.5757924,126.973629
노량진역,서울 동작구 노량진로 151,37.5142381,126.94204
노들역,서울 동작구 노량진로 238,37.51325925144537,126.92866180604582
샛강역,서울 영등포구 의사당대로 166,37.526685783914076,126.9192206516879
대방역,서울 영등포구 여의대방로 300,37.5125156,126.9250675
장승배기역,서울 동작구 상도로 188,37.50289533279207,126.94793768321229
송파역,서울 송파구 송파대로 354,37.50946559063697,127.10320654097134
석촌역,서울 송파구 송파대로 439,37.513580992975925,127.09963941237515
송파나루역,서울 송파구 송파동 3,37.50431039706891,127.10818224938721
방이역,서울 송파구 양재대로 1127,37.51889879464315,127.13275421398848
석촌고분역,서울 송파구 석촌동 157,37.5024827,127.103495
경찰병원역,서울 송파구 중대로 149,37.50388897172248,127.12996290047397
문정역,서울 송파구 송파대로 179,37.513580992975925,127.09963941237515
숙대입구역,서울 용산구 한강대로 306,37.5454448,126.9722479
효창공원앞역,서울 용산구 백범로 287,37.54005742987813,126.95963814138686
이촌역,서울 용산구 서빙고로 83,37.52633555801359,126.96517528021504
당산역,서울 영등포구 당산로 229,37.5345964,126.902478
선유도역,서울 영등포구 양평로 124,37.53880649098816,126.89204861233381
영등포시장역,서울 영등포구 양산로 200,37.5210838,126.9067159
문래역,서울 영등포구 당산로 28,37.5183839,126.8948726
양평역,서울 영등포구 양산로 21,37.525266286901406,126.88846496454475
합정역,서울 마포구 양화로 55,37.5493558,126.9136561
신목동역,서울 양천구 목동중앙로 217,37.544227,126.8831853
신림역,서울 관악구 남부순환로 1614,37.4848342,126.9295309
봉천역,서울 관악구 남부순환로 1721,37.4823889,126.9419387
당곡역,서울시 관악구 봉천동 985,37.484665,126.9484961
서울대벤처타운역,서울시 관악구 신림동 110-10,37.48682825,126.92826657522511
서원역,서울시 관악구 신림동 808-407,37.4840,126.9290
신대방삼거리역,서울 동작구 상도로 76,37.5040105,126.9376211
보라매공원역,서울시 동작구 신대방동 722,37.4955756,126.9195788
신풍역,서울 영등포구 신풍로 27,37.500025,126.9148058
상도역,서울 동작구 상도로 272,37.5020322,126.9344112
강변역,서울 광진구 강변역로 53,37.5351109,127.0947415
아차산역,서울 광진구 천호대로 657,37.5547004,127.085495
구의역,서울 광진구 아차산로 384-1,37.5402688,127.0698248
건대입구역,서울 광진구 아차산로 243,37.5403626,127.069384
어린이대공원역,서울 광진구 능동로 210,37.5475998,127.0743915
자양역,서울 광진구 능동로 10,37.5463516,127.0737171
뚝섬역,서울 성동구 아차산로 18,37.54723545,127.04739787885683
한양대역,서울 성동구 왕십리로 206,37.5557271,127.0436642
왕십리역,서울 성동구 왕십리로 300,37.5634923,127.0307025
홍대입구역,서울 마포구 양화로 160,37.5582622,126.9256952
상수역,서울 마포구 독막로 85,37.547922650000004,126.92274886505426
군자역,서울 광진구 천호대로 550,37.5547004,127.085495
청담역,서울 강남구 학동로 508,37.5199698,127.056947
행당역,서울 성동구 행당로 89,37.5552783,127.0221256
압구정역,서울 강남구 압구정로 172,37.5290677,127.0353904
혜화역,서울 종로구 대학로 120,37.5821381,127.0019525
성신여대입구역,서울 성북구 동소문로 102,37.602941599999994,127.02360638811476
한성대입구역,서울 성북구 삼선교로 1,37.587812,127.008752
동대문역사문화공원역,서울 중구 을지로 279,37.5659047,127.0081762
약수역,서울 중구 다산로 122,37.567665,127.0160853
영등포역,서울 영등포구 경인로 846,37.5152129,126.9059999
신길역,서울 영등포구 영등포로 327,37.5166485,126.9187443
상왕십리역,서울 성동구 왕십리로 374,37.564391,127.0292513
신당역,서울 중구 퇴계로 431-1,37.5653839,127.016252
청량리역,서울 동대문구 왕산로 205,37.5808698,127.0454885
삼성역,서울 강남구 테헤란로 538,37.5088402,127.063143
잠실새내역,서울 송파구 올림픽로 140,37.5115881,127.085571
학여울역,서울 강남구 남부순환로 3104,37.4957954,127.0718249
종합운동장역,서울 송파구 올림픽로 23,37.5132968,127.100037
대청역,서울 강남구 일원로 2,37.48705,127.08263
강남역,서울 강남구 강남대로 396,37.4981569,127.0283634
신논현역,서울 강남구 봉은사로 102,37.50559905986752,127.028031956156
신도림역,서울 구로구 새말로 117-21,37.5055354,126.8900335
구로역,서울 구로구 구로중앙로 174,37.5023806,126.88153700522216
잠실역,서울 송파구 올림픽로 265,37.5132169,127.1001365
삼전역,서울 송파구 잠실동 347,37.5122807,127.0855986
잠실나루역,서울 송파구 오금로 20,37.520691,127.1038301
강동구청역,서울 강동구 올림픽로 550,37.5385448,127.1234736
서울대입구역,서울 관악구 남부순환로 1822,37.481223,126.9527151
낙성대역,서울 관악구 남부순환로 1928,37.4770623,126.9634876
숭실대입구역,서울 동작구 상도로 378,37.5040105,126.9376211
망원역,서울 마포구 월드컵로 77,37.563408,126.9015758
중곡역,서울 광진구 능동로 417,37.5657003,127.0841887
장한평역,서울 동대문구 천호대로 405,37.5619906,127.0641457
논현역,서울 강남구 학동로 102,37.5195513,127.0520609
마포구청역,서울 마포구 월드컵로 190,37.5641812,126.90311926403774
교대역,서울 서초구 서초대로 294,37.4936592,127.0137025
서초역,서울 서초구 서초대로 233,37.4917747,127.007681
고속터미널역,서울 서초구 신반포로 188,37.5075133,127.0096011
반포역,서울 서초구 신반포로 241,37.5075133,127.0096011
남부터미널역,서울 서초구 서초중앙로 31,37.5031307,127.0112106
사평역,서울 서초구 사평대로 285,37.503594,127.0216192
신반포역,서울 서초구 신반포로 105,37.5075133,127.0096011
방배역,서울 서초구 방배로 80,37.4814662,126.9977072
사당역,서울 동작구 남부순환로 2089,37.4765828,126.9816682
총신대입구(이수)역,서울 동작구 동작대로 117,37.5055157,126.9802738
녹사평역,서울 용산구 녹사평대로 195,37.5184644,126.9946455
한남역,서울 용산구 독서당로6길 12-13,37.5300744,127.0085057
안암역,서울 성북구 고려대로 89,37.5864301,127.0292553
보문역,서울 성북구 보문로 116,37.5866501,127.0196841
미아사거리역,서울 강북구 도봉로 50,37.616649,127.0299619
길음역,서울 성북구 동소문로 248,37.603467,127.0245563
회기역,서울 동대문구 회기로 196,37.5898066,127.05811124453979
외대앞역,서울 동대문구 휘경로 27,37.59540155,127.06307495168974
신이문역,서울 동대문구 한천로 472,37.6023735,127.06755859044577
답십리역,서울 성동구 천호대로 300,37.571861524013386,127.04406330622453
중화역,서울 중랑구 동일로 797,37.6159363,127.0762601
석계역,서울 노원구 화랑로 341,37.614565,127.0637752
사가정역,서울 중랑구 사가정로 393,37.5804146,127.0907342
북한산보국문역,서울 성북구 정릉동 286-19,37.61654,126.99794
월곡역,서울 성북구 장월로1길 91,37.6047888,127.0434659
태릉입구역,서울 노원구 공릉동 678-1,37.63021,127.08818
공릉역,서울 노원구 동일로 1074,37.6889884,127.0555605
